,name,url
0, Elias Abuelazam  The Serial Slasher ,https://killer.cloud/serial-killers/show/292/elias-abuelazam
1, Stephen Akinmurele  The Cul-de-sac Killer ,https://killer.cloud/serial-killers/show/265/stephen-akinmurele
2, Süleyman Aktaş  The Nailing Killer ,https://killer.cloud/serial-killers/show/303/sueleyman-aktas
3," Charles Albright  Texas Eyeball Killer, Dallas Ripper, Dallas Slasher ",https://killer.cloud/serial-killers/show/395/charles-albright
4, Rodney Alcala  Dating Game Killer ,https://killer.cloud/serial-killers/show/162/rodney-alcala
5, Patricia Allanson  The Deadly Magnolia ,https://killer.cloud/serial-killers/show/444/patricia-allanson
6, Howard Arthur Allen   ,https://killer.cloud/serial-killers/show/405/howard-arthur-allen
7, Beverley Allitt  The Angel of Death ,https://killer.cloud/serial-killers/show/518/beverley-allitt
8, Dale Anderson  Belleville Murders ,https://killer.cloud/serial-killers/show/447/dale-anderson
9, Marcelo Costa de Andrade  The Vampire of Niterói ,https://killer.cloud/serial-killers/show/75/marcelo-costa-de-andrade
10, Richard Angelo  Angel of Death ,https://killer.cloud/serial-killers/show/508/richard-angelo
11," Amy Archer-Gilligan  Amy E. Duggan, Sister ",https://killer.cloud/serial-killers/show/446/amy-archer-gilligan
12," John Eric Armstrong  BABYDOLL, Opie ",https://killer.cloud/serial-killers/show/445/john-eric-armstrong
13, Valery Asratyan  The Director ,https://killer.cloud/serial-killers/show/435/valery-asratyan
14, Benjamin Atkins  The Woodward Corridor Killer ,https://killer.cloud/serial-killers/show/105/benjamin-atkins
15, Johnny Avalos  San Antonio serial killer ,https://killer.cloud/serial-killers/show/509/johnny-avalos
16, Dmitry Baksheev  Cannibal Couple ,https://killer.cloud/serial-killers/show/489/dmitry-baksheev
17, Natalia Baksheev  Cannibal Couple ,https://killer.cloud/serial-killers/show/490/natalia-baksheev
18," Joe Ball  The Alligator Man, Butcher of Elmendor, Bluebeard of South Texas ",https://killer.cloud/serial-killers/show/510/joe-ball
19," Francisca Ballesteros  The Black Widow of Valencia, The Poisoner of Melilla ",https://killer.cloud/serial-killers/show/423/francisca-ballesteros
20, Asande Baninzi   ,https://killer.cloud/serial-killers/show/628/asande-baninzi
21, Bai Baoshan   ,https://killer.cloud/serial-killers/show/634/bai-baoshan
22," Velma Barfield  Death Row Granny, Mama Margie ",https://killer.cloud/serial-killers/show/453/velma-barfield
23, Cesar Barone  Adolph James Rode ,https://killer.cloud/serial-killers/show/646/cesar-barone
24," Juana Barraza  La Mataviejitas, The Old Lady Killer ",https://killer.cloud/serial-killers/show/102/juana-barraza
25," Jürgen Bartsch  The Carnival Killer, Der Kirmesmörder ",https://killer.cloud/serial-killers/show/342/juergen-bartsch
26," Elizabeth Bathory  The Blood Countess, The Čachtice Countess ",https://killer.cloud/serial-killers/show/454/elizabeth-bathory
27, Herb Baumeister  The I-70 Strangler ,https://killer.cloud/serial-killers/show/99/herb-baumeister
28," Levi Bellfield  Yusuf Rahim, Bus Stop Stalker ",https://killer.cloud/serial-killers/show/392/levi-bellfield
29," Robert Berdella  The Kansas City Butcher, The Collector ",https://killer.cloud/serial-killers/show/230/robert-berdella
30," David Berkowitz  Son of Sam, The .44 Caliber Killer ",https://killer.cloud/serial-killers/show/236/david-berkowitz
31," Manuel Octavio Bermudez  El Monstruo de los Cañaduzales, The Monster of the Cane Fields ",https://killer.cloud/serial-killers/show/29/manuel-octavio-bermudez
32," Paul Kenneth Bernardo  Scarborough Rapist, Schoolgirl Killer ",https://killer.cloud/serial-killers/show/375/paul-kenneth-bernardo
33, Kenneth Alessio Bianchi  Hillside Stranglers ,https://killer.cloud/serial-killers/show/94/kenneth-alessio-bianchi
34, Richard Biegenwald  The Thrill Killer ,https://killer.cloud/serial-killers/show/149/richard-biegenwald
35," Mohammed Bijeh  Tehran Desert Vampire, the hyenas ",https://killer.cloud/serial-killers/show/51/mohammed-bijeh
36," Donato Bilancia  The Monster of Liguria, The Ligurian Monster ",https://killer.cloud/serial-killers/show/48/donato-bilancia
37, Jake Bird  The Tacoma Ax-Killer ,https://killer.cloud/serial-killers/show/78/jake-bird
38, Anatoly Biryukov  The Baby Hunter ,https://killer.cloud/serial-killers/show/302/anatoly-biryukov
39, Arthur Gary Bishop   ,https://killer.cloud/serial-killers/show/287/arthur-gary-bishop
40, Lawrence Bittaker  Tool Box Killers ,https://killer.cloud/serial-killers/show/455/lawrence-bittaker
41," John Bittrolff  suspected Long Island Serial Killer, LISK ",https://killer.cloud/serial-killers/show/592/john-bittrolff
42," Robert Black  M1 Maniac, Smelly Bob ",https://killer.cloud/serial-killers/show/310/robert-black
43, Terry Blair   ,https://killer.cloud/serial-killers/show/191/terry-blair
44, Daniel Blank  Daniel Joseph Blank ,https://killer.cloud/serial-killers/show/457/daniel-blank
45, Elfriede Blauensteiner  The Black Widow ,https://killer.cloud/serial-killers/show/379/elfriede-blauensteiner
46, Wayne Boden  the Vampire Rapist ,https://killer.cloud/serial-killers/show/353/wayne-boden
47, William Bonin  the Freeway Killer ,https://killer.cloud/serial-killers/show/31/william-bonin
48," Nicolai Bonner  Haifa serial killer, The Homeless Murderer ",https://killer.cloud/serial-killers/show/358/nicolai-bonner
49," Ali Asghar Borujerdi  Asghar the Murderer, Ashare Qatel ",https://killer.cloud/serial-killers/show/17/ali-asghar-borujerdi
50, Dallen Bounds  Dallen Forrest Bounds ,https://killer.cloud/serial-killers/show/317/dallen-bounds
51, Gary Ray Bowles   ,https://killer.cloud/serial-killers/show/249/gary-ray-bowles
52," Lucious Boyd  Lucilous Boyd, Lucifer ",https://killer.cloud/serial-killers/show/623/lucious-boyd
53, Ian Brady  The Moors murders ,https://killer.cloud/serial-killers/show/603/ian-brady
54, Gregory Brazel  Bluey ,https://killer.cloud/serial-killers/show/420/gregory-brazel
55, Mary Ann Britland  Harrisons Vermin Killer ,https://killer.cloud/serial-killers/show/616/mary-ann-britland
56, Debra Brown   ,https://killer.cloud/serial-killers/show/530/debra-brown
57, Robert Browne  Robert Charles Browne ,https://killer.cloud/serial-killers/show/458/robert-browne
58," Jerome Jerry Brudos  The Lust Killer, The Shoe Fetish Slayer ",https://killer.cloud/serial-killers/show/330/jerry-brudos
59, Peter Bryan   ,https://killer.cloud/serial-killers/show/429/peter-bryan
60," Judias Judy Buenoano  Black Widow, Buenoano, Goodyear, Morris ",https://killer.cloud/serial-killers/show/374/judy-buenoano
61, Ted Bundy  Theodore Robert Bundy ,https://killer.cloud/serial-killers/show/15/ted-bundy
62, Carol M. Bundy  Sunset Strip Killers ,https://killer.cloud/serial-killers/show/531/carol-m-bundy
63," John Justin Bunting  Snowtown murders, Bodies in the Barrels Murders ",https://killer.cloud/serial-killers/show/100/john-justin-bunting
64, Angelo Buono  The Hillside Stranglers ,https://killer.cloud/serial-killers/show/136/angelo-buono
65, William Burke  Burke and Hare murders ,https://killer.cloud/serial-killers/show/459/william-burke
66, B1 Butcher   ,https://killer.cloud/serial-killers/show/304/b1-butcher
67, Alexander Bychkov  Belinsky Cannibal ,https://killer.cloud/serial-killers/show/150/alexander-bychkov
68, José Luis Calva  José Luis Calva Zepeda ,https://killer.cloud/serial-killers/show/482/jose-luis-calva
69," Daniel Camargo  The Sadist of Chanquito, Manuel Bulgarin Solis ",https://killer.cloud/serial-killers/show/2/daniel-camargo
70, Mario Alberto Sulu Canche  Mario Alberto Sulub Canche ,https://killer.cloud/serial-killers/show/417/mario-alberto-sulu-canche
71, Ricardo Caputo  The Lady Killer ,https://killer.cloud/serial-killers/show/309/ricardo-caputo
72," Harvey Carignan  The Want-Ad Killer, Harv the hammer ",https://killer.cloud/serial-killers/show/267/harvey-carignan
73, David Carpenter  The Trailside Killer ,https://killer.cloud/serial-killers/show/188/david-carpenter
74, Michael Bear Carson  the San Francisco Witch Killers ,https://killer.cloud/serial-killers/show/533/michael-bear-carson
75, Suzan Bear Carson  the San Francisco Witch Killers ,https://killer.cloud/serial-killers/show/534/suzan-bear-carson
76, Steven David Catlin   ,https://killer.cloud/serial-killers/show/406/steven-david-catlin
77, Gilberto Chamba  The Monster of Machala ,https://killer.cloud/serial-killers/show/157/gilberto-chamba
78, Pierre Chanal   ,https://killer.cloud/serial-killers/show/369/pierre-chanal
79, George Chapman  Jack the Ripper (possible) ,https://killer.cloud/serial-killers/show/427/george-chapman
80, Richard Trenton Chase  Vampire of Sacramento ,https://killer.cloud/serial-killers/show/235/richard-trenton-chase
81, Billy Chemirmir   ,https://killer.cloud/serial-killers/show/662/billy-chemirmir
82," Gao Chengyong  the Chinese Jack the Ripper, the Silver City serial killer ",https://killer.cloud/serial-killers/show/624/gao-chengyong
83," Andrei Chikatilo  The Butcher of Rostov, The Red Ripper, The Rostov Ripper, Citizen X ",https://killer.cloud/serial-killers/show/5/andrei-chikatilo
84, Thor Nis Christiansen  The Hitchhiker Slayer ,https://killer.cloud/serial-killers/show/333/thor-nis-christiansen
85, John Christie  The Rillington Place Strangler ,https://killer.cloud/serial-killers/show/177/john-christie
86," Joseph Christopher  The Midtown Slasher, The .22-Caliber Killer ",https://killer.cloud/serial-killers/show/96/joseph-christopher
87," Yevgeny Chuplinsky  The Maniac of Novosibirsk, Novosibirsky Manyak ",https://killer.cloud/serial-killers/show/630/yevgeny-chuplinsky
88, Leonarda Cianciulli  The Soap-maker of Correggio ,https://killer.cloud/serial-killers/show/397/leonarda-cianciulli
89," Hadden Clark  The Cross Dressing Cannibal, The Rockville Rocket ",https://killer.cloud/serial-killers/show/487/hadden-clark
90, Doug Clark  Sunset Strip Killers ,https://killer.cloud/serial-killers/show/532/doug-clark
91, Kelly Cochran  Dead North ,https://killer.cloud/serial-killers/show/637/kelly-cochran
92, Cynthia Coffman  Property of the Folsom Wolf ,https://killer.cloud/serial-killers/show/570/cynthia-coffman
93," Adnan Colak  Artvin Monster, The Beast of Artvin, Artvin Canavari ",https://killer.cloud/serial-killers/show/116/adnan-colak
94, Carroll Edward Cole  Carroll Cole ,https://killer.cloud/serial-killers/show/60/carroll-cole
95, Alton Coleman   ,https://killer.cloud/serial-killers/show/529/alton-coleman
96," John Norman Collins  Ypsilanti Ripper, the Michigan Murderer, the Co-Ed Killer ",https://killer.cloud/serial-killers/show/565/john-norman-collins
97, Daniel Conahan  Hog Trails Killer ,https://killer.cloud/serial-killers/show/576/daniel-conahan
98, Rory Enrique Conde  The Tamiami Trail Strangler ,https://killer.cloud/serial-killers/show/242/rory-enrique-conde
99," Adolfo Constanzo  The Godfather, El Padrino, The Witch Doctor ",https://killer.cloud/serial-killers/show/473/adolfo-constanzo
100, Eric Edgar Cooke  The Night Caller ,https://killer.cloud/serial-killers/show/170/eric-edgar-cooke
101," John Cooper  The Bullseye Killer, The Wildman ",https://killer.cloud/serial-killers/show/345/john-cooper
102, Ray Copeland  The Copeland Killings ,https://killer.cloud/serial-killers/show/566/ray-copeland
103, Faye Copeland  The Copeland Killings ,https://killer.cloud/serial-killers/show/567/faye-copeland
104," Dean Corll  Candy Man, Pied Piper ",https://killer.cloud/serial-killers/show/21/dean-corll
105, Juan Vallejo Corona  The Machete Murderer ,https://killer.cloud/serial-killers/show/23/juan-vallejo-corona
106, Tony Costa  Antone Charles Costa ,https://killer.cloud/serial-killers/show/306/tony-costa
107, Antonio Luis Costa  Cabo Costa ,https://killer.cloud/serial-killers/show/437/antonio-luis-costa
108, Richard Cottingham  The Torso Killer ,https://killer.cloud/serial-killers/show/253/richard-cottingham
109, Mary Ann Cotton   ,https://killer.cloud/serial-killers/show/517/mary-ann-cotton
110, Juan Covington   ,https://killer.cloud/serial-killers/show/414/juan-covington
111, Louis Craine  Southside Slayer murders ,https://killer.cloud/serial-killers/show/584/louis-craine
112, Andre Crawford  South Side killings ,https://killer.cloud/serial-killers/show/112/andre-crawford
113, John Martin Crawford  The Lady Killer ,https://killer.cloud/serial-killers/show/315/john-martin-crawford
114, Thomas Neill Cream  The Lambeth Poisoner ,https://killer.cloud/serial-killers/show/612/thomas-neill-cream
115, Dale Cregan   ,https://killer.cloud/serial-killers/show/351/dale-cregan
116, Charles Edmund Cullen  Angel of Death ,https://killer.cloud/serial-killers/show/511/charles-edmund-cullen
117," Gordon Cummins  The Blackout Ripper, The Blackout Killer ",https://killer.cloud/serial-killers/show/322/gordon-cummins
118, Matej Curko  The Slovak cannibal ,https://killer.cloud/serial-killers/show/491/matej-curko
119, Antonis Daglis  The Athens Ripper ,https://killer.cloud/serial-killers/show/440/antonis-daglis
120," Jeffrey Dahmer  Milwaukee Cannibal, Milwaukee Murderer ",https://killer.cloud/serial-killers/show/54/jeffrey-dahmer
121," Joseph James DeAngelo  EARONS, The East Area Rapist, Original Night Stalker ",https://killer.cloud/serial-killers/show/505/joseph-james-deangelo
122, Mike DeBardeleben  The Mall Passer ,https://killer.cloud/serial-killers/show/553/mike-debardeleben
123, Bandali Debs   ,https://killer.cloud/serial-killers/show/377/bandali-debs
124, Ozgur Dengiz  The Cannibal of Ankara ,https://killer.cloud/serial-killers/show/442/oezguer-dengiz
125," Karl Denke  The Cannibal of Ziębice, Vatter Denke ",https://killer.cloud/serial-killers/show/20/karl-denke
126, Joanna Dennehy  Peterborough ditch murders ,https://killer.cloud/serial-killers/show/441/joanna-dennehy
127," Paul Denyer  Paula Denyer, Frankston Killer ",https://killer.cloud/serial-killers/show/376/paul-denyer
128, Albert DeSalvo  Boston Strangler ,https://killer.cloud/serial-killers/show/85/boston-strangler
129, Samuel Dieteman  The Serial Shooters ,https://killer.cloud/serial-killers/show/468/samuel-dieteman
130, Thomas Dillon   ,https://killer.cloud/serial-killers/show/273/thomas-dillon
131, Léopold Dion  Monster of Port-Rouge ,https://killer.cloud/serial-killers/show/326/leopold-dion
132, Westley Allan Dodd  The Vancouver Child Killer ,https://killer.cloud/serial-killers/show/387/westley-allan-dodd
133, Ronald Dominique  The Bayou Strangler ,https://killer.cloud/serial-killers/show/27/ronald-dominique
134," Howell Donaldson  Seminole Heights serial killer, Tampa Bay Serial Killer ",https://killer.cloud/serial-killers/show/657/howell-donaldson
135, The Doodler  the Black Doodler ,https://killer.cloud/serial-killers/show/74/the-doodler
136," Nannie Doss  Giggling Nanny, Giggling Granny, Jolly Black Widow ",https://killer.cloud/serial-killers/show/106/nannie-doss
137, Sergei Dovzhenko  Murchik ,https://killer.cloud/serial-killers/show/632/sergei-dovzhenko
138," John Duffy  The Railway Killers, The Railway Rapists ",https://killer.cloud/serial-killers/show/601/john-duffy
139, Brian Dugan   ,https://killer.cloud/serial-killers/show/408/brian-dugan
140, Sibusiso Duma   ,https://killer.cloud/serial-killers/show/217/sibusiso-duma
141, Martin Dumollard  The Maid Killer ,https://killer.cloud/serial-killers/show/606/martin-dumollard
142, Joseph Edward Duncan  The Fifth Nail ,https://killer.cloud/serial-killers/show/264/joseph-e-duncan-iii
143, Jon Scott Dunkle  Peninsula Serial Killer ,https://killer.cloud/serial-killers/show/554/jon-scott-dunkle
144, Peter Dupas   ,https://killer.cloud/serial-killers/show/372/peter-dupas
145, Paul Durousseau  The Jacksonville Strangler ,https://killer.cloud/serial-killers/show/215/paul-durousseau
146, Marc Dutroux  Dutroux murders ,https://killer.cloud/serial-killers/show/278/marc-dutroux
147, Amelia Dyer  The Reading Baby Farmer ,https://killer.cloud/serial-killers/show/520/amelia-dyer
148," Nikolai Dzhumagaliev  Metal Fang, Kolya the Maneater ",https://killer.cloud/serial-killers/show/182/nikolai-dzhumagaliev
149, Volker Eckert  Brummi Killer ,https://killer.cloud/serial-killers/show/141/volker-eckert
150, Mack Ray Edwards   ,https://killer.cloud/serial-killers/show/231/mack-ray-edwards
151, Edward Edwards  Sweetheart Murders ,https://killer.cloud/serial-killers/show/268/edward-edwards
152," Bradley Robert Edwards  Claremont killer, Codename Macro, Bogsy ",https://killer.cloud/serial-killers/show/421/claremont-killer
153," Willem van Eijk  The Beast of Harkstede, Gekke Willempje ",https://killer.cloud/serial-killers/show/299/willem-van-eijk
154, Walter E. Ellis  The Milwaukee North Side Strangler ,https://killer.cloud/serial-killers/show/218/walter-e-ellis
155," Vadim Ershov  The Krasnoyarsk Beast, The Krasnoyarsk Chikatilo, The Maniac with a Diary ",https://killer.cloud/serial-killers/show/633/vadim-ershov
156," Kenneth Erskine  The Stockwell Strangler, the heatwave killer ",https://killer.cloud/serial-killers/show/187/kenneth-erskine
157, Scott Erskine   ,https://killer.cloud/serial-killers/show/388/scott-erskine
158, Francisco Garcia Escalero  The Killer Beggar ,https://killer.cloud/serial-killers/show/113/francisco-garcia-escalero
159, Ramon Escobar  Homeless serial killer ,https://killer.cloud/serial-killers/show/596/ramon-escobar
160, Felipe Espinosa  The Bloody Espinosas ,https://killer.cloud/serial-killers/show/615/felipe-espinosa
161, Gary Charles Evans   ,https://killer.cloud/serial-killers/show/172/gary-c-evans
162," Donald Leroy Evans  Hi Hitler, Heil Hitler ",https://killer.cloud/serial-killers/show/389/donald-leroy-evans
163, Richard Evonitz   ,https://killer.cloud/serial-killers/show/390/richard-evonitz
164, Larry Eyler  The Interstate Killer ,https://killer.cloud/serial-killers/show/37/larry-eyler
165, Christine Falling  Christine Laverne Slaughter ,https://killer.cloud/serial-killers/show/535/christine-falling
166, Lorenzo Fayne   ,https://killer.cloud/serial-killers/show/583/lorenzo-fayne
167," Florencio Fernández  The Argentine Vampire, The Window Vampire ",https://killer.cloud/serial-killers/show/524/florencio-fernandez
168, Marie Fikackova  Marie Schmidl ,https://killer.cloud/serial-killers/show/654/marie-fikackova
169," Pedro Rodrigues Filho  Pedrinho Matador, Killer Petey ",https://killer.cloud/serial-killers/show/3/pedro-rodrigues-filho
170," Albert Fish  Gray Man, Werewolf of Wysteria, The Boogey Man ",https://killer.cloud/serial-killers/show/367/albert-fish
171, Kathleen Folbigg  Australia’s worst serial killer ,https://killer.cloud/serial-killers/show/328/kathleen-folbigg
172, Delano Forbes  the Antigua Vampire Killer ,https://killer.cloud/serial-killers/show/635/delano-forbes
173, Wayne Adam Ford   ,https://killer.cloud/serial-killers/show/318/wayne-adam-ford
174," Michel Fourniret  the Ogre, the Beast of Ardennes ",https://killer.cloud/serial-killers/show/52/michel-fourniret
175," Bobby Jack Fowler  Project E-Pana, the Highway of Tears ",https://killer.cloud/serial-killers/show/645/bobby-jack-fowler
176, Kendall Francois  The Poughkeepsie Killer ,https://killer.cloud/serial-killers/show/168/kendall-francois
177," Lonnie David Franklin  Grim Sleeper, Southside Slayer murders ",https://killer.cloud/serial-killers/show/125/lonnie-david-franklin-jr
178, Joseph Paul Franklin  The Racist Killer ,https://killer.cloud/serial-killers/show/159/joseph-paul-franklin
179," Leonard Fraser  The Rockhampton Rapist, The Bad Seed ",https://killer.cloud/serial-killers/show/308/leonard-fraser
180, Sataro Fukiage  Shinshumaro ,https://killer.cloud/serial-killers/show/203/sataro-fukiage
181, William Patrick Fyfe  The Killer Handyman ,https://killer.cloud/serial-killers/show/259/william-patrick-fyfe
182," John Wayne Gacy  Pogo the Clown, The Killer Clown ",https://killer.cloud/serial-killers/show/16/john-wayne-gacy
183, Irina Gaidamachuk  Satan in a skirt ,https://killer.cloud/serial-killers/show/49/irina-gaidamachuk
184," Gerald Gallego  The Love Slave Killers, The Gallego Sex Slaves Killers ",https://killer.cloud/serial-killers/show/536/gerald-gallego
185," Charlene Gallego  The Love Slave Killers, The Gallego Sex Slaves Killers ",https://killer.cloud/serial-killers/show/537/charlene-gallego
186," Luis Garavito  La Bestia, The Beast ",https://killer.cloud/serial-killers/show/450/luis-garavito
187, Juan Díaz de Garayo  The Fat Extractor ,https://killer.cloud/serial-killers/show/609/juan-diaz-de-garayo
188," Michael Gargiulo  Chiller Killer, Hollywood Ripper ",https://killer.cloud/serial-killers/show/371/michael-gargiulo
189," Carlton Gary  The Stocking Strangler, Steakhouse Bandit ",https://killer.cloud/serial-killers/show/197/carlton-gary
190," Donald Henry Gaskins  Pee Wee, The Meanest Man in America ",https://killer.cloud/serial-killers/show/91/donald-henry-gaskins
191," Guy Georges  The Beast of the Bastille, the killer of eastern Paris ",https://killer.cloud/serial-killers/show/209/guy-georges
192, Hubert Geralds  Englewood Strangler ,https://killer.cloud/serial-killers/show/586/hubert-geralds
193," Janie Lou Gibbs  The Georgian Black Widow, the Black Georgia Peach ",https://killer.cloud/serial-killers/show/283/janie-lou-gibbs
194, William Clyde Gibson   ,https://killer.cloud/serial-killers/show/622/william-clyde-gibson
195, Bertha Gifford  Bertha Alice Graham ,https://killer.cloud/serial-killers/show/362/bertha-gifford
196, Kristen Gilbert  The Angel of Death ,https://killer.cloud/serial-killers/show/538/kristen-gilbert
197, Bernard Giles   ,https://killer.cloud/serial-killers/show/647/bernard-giles
198, Sean Vincent Gillis  The Other Baton Rouge Killer ,https://killer.cloud/serial-killers/show/176/sean-vincent-gillis
199, Lorenzo Gilyard  The Kansas City Strangler ,https://killer.cloud/serial-killers/show/86/lorenzo-gilyard
200, Walter De Giusti  Walter Di Giusti ,https://killer.cloud/serial-killers/show/525/walter-de-giusti
201," Harvey Glatman  The Lonely Hearts Killer, Glamour Girl Slayer ",https://killer.cloud/serial-killers/show/383/harvey-glatman
202," Billy Glaze  Butcher Knife Billy, Jesse Sitting Crow ",https://killer.cloud/serial-killers/show/361/billy-glaze
203, John Wayne Glover  The Granny Killer ,https://killer.cloud/serial-killers/show/223/john-wayne-glover
204," Sean Patrick Goble  Baileyton Truck Stop Murder, The Wild One ",https://killer.cloud/serial-killers/show/502/sean-patrick-goble
205," Cayetano Santos Godino  Petiso Orejudo, the Big-eared Midget ",https://killer.cloud/serial-killers/show/343/cayetano-santos-godino
206, Billy Gohl  Ghoul of Grays Harbor ,https://killer.cloud/serial-killers/show/575/billy-gohl
207," Sergey Golovkin  The Fisher, The Boa ",https://killer.cloud/serial-killers/show/101/sergey-golovkin
208, David Alan Gore  The Killing Cousins ,https://killer.cloud/serial-killers/show/463/david-alan-gore
209, Mark Goudeau  The Baseline Killer ,https://killer.cloud/serial-killers/show/158/mark-goudeau
210, Kwauhuru Govan  murder of Rashawn Brazell ,https://killer.cloud/serial-killers/show/549/kwauhuru-govan
211, Harrison Graham   ,https://killer.cloud/serial-killers/show/184/harrison-graham
212," Gwendolyn Graham  The Lethal Lovers, the Alpine Manor serial killers ",https://killer.cloud/serial-killers/show/547/gwendolyn-graham
213, Shawn Grate   ,https://killer.cloud/serial-killers/show/621/shawn-grate
214, Dana Sue Gray   ,https://killer.cloud/serial-killers/show/411/dana-sue-gray
215, Vaughn Greenwood  Skid Row Slasher ,https://killer.cloud/serial-killers/show/104/vaughn-greenwood
216, Steven Grieveson  Sunderland Strangler ,https://killer.cloud/serial-killers/show/346/steven-grieveson
217," Stephen Griffiths  Crossbow Cannibal, the Bradford murders ",https://killer.cloud/serial-killers/show/363/stephen-griffiths
218," Caroline Grills  Aunty Carrie, Aunt Thally ",https://killer.cloud/serial-killers/show/320/caroline-grills
219, Cayetano Grossi  The Man in the Bag ,https://killer.cloud/serial-killers/show/526/cayetano-grossi
220," Belle Gunness  Hell's Belle, Brynhild Paulsdatter Størseth ",https://killer.cloud/serial-killers/show/79/belle-gunness
221, Boris Gusakov  Student Hunter ,https://killer.cloud/serial-killers/show/301/boris-gusakov
222, Frank Gust  Rhein-Ruhr Ripper ,https://killer.cloud/serial-killers/show/340/frank-gust
223, Matti Haapoja   ,https://killer.cloud/serial-killers/show/607/matti-haapoja
224," Fritz Haarmann  Butcher of Hannover, the Vampire of Hannover ",https://killer.cloud/serial-killers/show/25/fritz-haarmann
225, Erwin Hagedorn  Hans Erwin Hagedorn ,https://killer.cloud/serial-killers/show/443/erwin-hagedorn
226," Anna Marie Hahn  Arsenic Anna, The Blonde Borgia, the Angel of Mercy ",https://killer.cloud/serial-killers/show/280/anna-marie-hahn
227, Paul Steven Haigh   ,https://killer.cloud/serial-killers/show/210/paul-steven-haigh
228, John George Haigh  Acid Bath Murderer ,https://killer.cloud/serial-killers/show/225/john-george-haigh
229," Rodney Halbower  Gypsy Hill killings, San Mateo slasher ",https://killer.cloud/serial-killers/show/494/gypsy-hill-killings
230," Archibald Hall  Roy Fontaine, The Monster Butler, Killer Butler ",https://killer.cloud/serial-killers/show/294/archibald-hall
231," James Hall  Big Jim, Arkansas Butcher ",https://killer.cloud/serial-killers/show/500/james-hall
232, Larry DeWayne Hall  The Springfield Three ,https://killer.cloud/serial-killers/show/556/larry-dewayne-hall
233, Lizzie Halliday   ,https://killer.cloud/serial-killers/show/539/lizzie-halliday
234, Saeed Hanaei  The Spider Murder ,https://killer.cloud/serial-killers/show/63/saeed-hanaei
235, William Henry Hance  Chairman of the Forces of Evil ,https://killer.cloud/serial-killers/show/332/william-henry-hance
236," Johannes-Andreas Hanni  Estonia's Hannibal Lecter, the Nõmme Cannibal ",https://killer.cloud/serial-killers/show/588/johannes-andreas-hanni
237, Robert Christian Hansen  The Butcher Baker ,https://killer.cloud/serial-killers/show/65/robert-hansen
238, Anthony Hardy  The Camden Ripper ,https://killer.cloud/serial-killers/show/430/anthony-hardy
239," Trevor Hardy  the Beast of Manchester, The Monster of Manchester ",https://killer.cloud/serial-killers/show/431/trevor-hardy
240, William Hare  Burke and Hare murders ,https://killer.cloud/serial-killers/show/460/william-hare
241," Micajah Harpe  Big Harpe, Harpe Brothers ",https://killer.cloud/serial-killers/show/495/micajah-harpe
242," Wiley Harpe  Little Harpe, Harpe Brothers ",https://killer.cloud/serial-killers/show/496/wiley-harpe
243, Matthew James Harris   ,https://killer.cloud/serial-killers/show/422/matthew-james-harris
244, Donald Harvey  Angel of Death ,https://killer.cloud/serial-killers/show/497/donald-harvey
245, Charles Ray Hatcher  Crazy Charlie ,https://killer.cloud/serial-killers/show/61/charles-ray-hatcher
246, Dale Hausner  The Serial Shooters ,https://killer.cloud/serial-killers/show/467/dale-hausner
247, Francis Heaulme  The Criminal Backpacker ,https://killer.cloud/serial-killers/show/144/francis-heaulme
248, William Heirens  The Lipstick Killer ,https://killer.cloud/serial-killers/show/398/william-heirens
249, Boone Helm  The Kentucky Cannibal ,https://killer.cloud/serial-killers/show/488/boone-helm
250, Elmer Wayne Henley  Houston Mass Murders ,https://killer.cloud/serial-killers/show/568/elmer-wayne-henley
251, Alex Henriquez   ,https://killer.cloud/serial-killers/show/562/alex-henriquez
252, Very Idham Henyansyah  singing serial killer ,https://killer.cloud/serial-killers/show/118/very-idham-henyansyah
253, Jacobus Dirk Hertogs  Koos Hertogs ,https://killer.cloud/serial-killers/show/365/koos-hertogs
254, Hiroaki Hidaka   ,https://killer.cloud/serial-killers/show/357/hiroaki-hidaka
255, Gary Hilton  The National Forest Serial Killer ,https://killer.cloud/serial-killers/show/499/gary-hilton
256, Myra Hindley  The Moors murders ,https://killer.cloud/serial-killers/show/604/myra-hindley
257, Niels Högel   ,https://killer.cloud/serial-killers/show/598/niels-hogel
258, Ladislav Hojer  Cowardly Cannibal ,https://killer.cloud/serial-killers/show/655/ladislav-hojer
259, William Dathan Holbert  Wild Bill ,https://killer.cloud/serial-killers/show/270/william-dathan-holbert
260, Henry Howard Holmes  H. H. Holmes ,https://killer.cloud/serial-killers/show/519/henry-howard-holmes
261, Karla Homolka  Wife of Scarborough Rapist ,https://killer.cloud/serial-killers/show/560/karla-homolka
262, Fritz Honka  Peter Jensen ,https://killer.cloud/serial-killers/show/341/fritz-honka
263, Kang Ho-Sun  the gyeongsangnam-do serial killer ,https://killer.cloud/serial-killers/show/140/kang-ho-sun
264, Gabriel Garza Hoth  The Black Widower ,https://killer.cloud/serial-killers/show/416/gabriel-garza-hoth
265, William Devin Howell  Sick Ripper ,https://killer.cloud/serial-killers/show/469/william-devin-howell
266, Waneta Hoyt   ,https://killer.cloud/serial-killers/show/282/waneta-hoyt
267, Michael Hughes  Southside Slayer murders ,https://killer.cloud/serial-killers/show/194/michael-hughes
268, Thomas Huskey  Zoo Man ,https://killer.cloud/serial-killers/show/587/thomas-huskey
269, Javed Iqbal  Kukri ,https://killer.cloud/serial-killers/show/572/javed-iqbal
270, Colin Ireland  The Gay Slayer ,https://killer.cloud/serial-killers/show/295/colin-ireland
271, Leslie Irvin  The Mad Dog Killer ,https://killer.cloud/serial-killers/show/238/leslie-irvin
272," Miyuki Ishikawa  Oni-Sanba, Demon Midwife ",https://killer.cloud/serial-killers/show/643/miyuki-ishikawa
273, Phillip Carl Jablonski   ,https://killer.cloud/serial-killers/show/286/phillip-carl-jablonski
274, Vickie Dawn Jackson  Angel of Death ,https://killer.cloud/serial-killers/show/471/vickie-dawn-jackson
275," M. Jaishankar  M. Shankar, Psycho Shankar ",https://killer.cloud/serial-killers/show/39/m-jaishankar
276, Ripper Jayanandan   ,https://killer.cloud/serial-killers/show/202/ripper-jayanandan
277, Helene Jegado   ,https://killer.cloud/serial-killers/show/590/helene-jegado
278, Keith Hunter Jesperson  Happy Face Killer ,https://killer.cloud/serial-killers/show/161/keith-hunter-jesperson
279, Bible John   ,https://killer.cloud/serial-killers/show/396/bible-john
280," Jerry Leon Johns  Redhead Murders, Bible Belt Strangler ",https://killer.cloud/serial-killers/show/501/bible-belt-strangler
281, Milton Johnson  The Weekend Murderer ,https://killer.cloud/serial-killers/show/121/milton-johnson
282," Vincent Johnson  The Brooklyn Strangler, The Williamsburg Strangler ",https://killer.cloud/serial-killers/show/266/vincent-johnson
283, Martha Ann Johnson  Martha Ann Bowen ,https://killer.cloud/serial-killers/show/384/martha-ann-johnson
284, Russell Maurice Johnson  Bedroom Strangler  ,https://killer.cloud/serial-killers/show/523/russell-maurice-johnson
285, Genene Jones  The Death Shift ,https://killer.cloud/serial-killers/show/504/genene-jones
286, Jack Harold Jones   ,https://killer.cloud/serial-killers/show/660/jack-harold-jones
287," Gilbert Paul Jordan  The Boozing Barber, The Alcohol Murders ",https://killer.cloud/serial-killers/show/166/gilbert-paul-jordan
288, John Joubert  The Nebraska Boy Snatcher ,https://killer.cloud/serial-killers/show/401/john-joubert
289, Zhang Jun   ,https://killer.cloud/serial-killers/show/631/zhang-jun
290, Buddy Earl Justus   ,https://killer.cloud/serial-killers/show/649/buddy-earl-justus
291, Joseph Kallinger  The Shoemaker ,https://killer.cloud/serial-killers/show/555/joseph-kallinger
292," Kiyotaka Katsuta  Metropolitan Designated Case 113, Kiyotaka Fujiwara ",https://killer.cloud/serial-killers/show/163/kiyotaka-katsuta
293, Ali Kaya  the baby faced killer ,https://killer.cloud/serial-killers/show/132/ali-kaya
294," Hamdi Kayapinar  Avcı, insan avcısı ",https://killer.cloud/serial-killers/show/636/hamdi-kayapinar
295," Patrick Wayne Kearney  The Trash Bag Murderer, The Freeway Killer ",https://killer.cloud/serial-killers/show/30/patrick-kearney
296, Zhou Kehua   ,https://killer.cloud/serial-killers/show/139/zhou-kehua
297, KD Kempamma  Cyanide Mallika ,https://killer.cloud/serial-killers/show/593/cyanide-mallika
298," Edmund Kemper  The Co-ed Butcher, The Co-ed Killer ",https://killer.cloud/serial-killers/show/129/edmund-kemper
299, Israel Keyes  Izzy ,https://killer.cloud/serial-killers/show/492/israel-keyes
300," Aadesh Khamra  the Darzi of Death, the highway 44 serial killer ",https://killer.cloud/serial-killers/show/563/aadesh-khamra
301, Roger Kibbe  The I-5 Strangler ,https://killer.cloud/serial-killers/show/198/roger-kibbe
302, West Mesa Killer   ,https://killer.cloud/serial-killers/show/110/west-mesa-killer
303," Long Island Serial Killer  The Gilgo Killer, The Craigslist Ripper ",https://killer.cloud/serial-killers/show/122/long-island-serial-killer
304, Hwaseong killer   ,https://killer.cloud/serial-killers/show/137/hwaseong-killer
305, New Bedford Highway Killer   ,https://killer.cloud/serial-killers/show/151/new-bedford-highway-killer
306, Edgecombe County Serial Killer  Seven Bridges Killer ,https://killer.cloud/serial-killers/show/152/edgecombe-county-serial-killer
307, Colonial Parkway Killer   ,https://killer.cloud/serial-killers/show/173/colonial-parkway-killer
308, Santa Rosa Hitchhiker Killer  Santa Rosa Hitchhiker Murder ,https://killer.cloud/serial-killers/show/196/santa-rosa-hitchhiker-killer
309, Connecticut River Valley Killer   ,https://killer.cloud/serial-killers/show/199/connecticut-river-valley-killer
310," Zodiac Killer  le tueur du Zodiaque, le Zodiaque, Zodiac killer ",https://killer.cloud/serial-killers/show/254/zodiac-killer
311, Phantom Killer  The Texarkana Moonlight Murders ,https://killer.cloud/serial-killers/show/272/phantom-killer
312, South Dade Killer  Flat-Tire murders ,https://killer.cloud/serial-killers/show/284/south-dade-killer
313, Daytona Beach killer   ,https://killer.cloud/serial-killers/show/312/daytona-beach-killer
314, Oakland County Child Killer  The Babysitter Killer ,https://killer.cloud/serial-killers/show/316/oakland-county-child-killer
315," February 9 Killer  Feb. 9 Killer, February 9th Killer ",https://killer.cloud/serial-killers/show/493/february-9-killer
316, The Transgender Killer  LGBTQ Killer ,https://killer.cloud/serial-killers/show/515/the-transgender-killer
317, Paraquat murders killer   ,https://killer.cloud/serial-killers/show/97/paraquat-murders-killer
318, Scott Lee Kimball  Joe Snitch ,https://killer.cloud/serial-killers/show/337/scott-lee-kimball
319," Sharon Kinne  La Pistolera, the gunfighter ",https://killer.cloud/serial-killers/show/540/sharon-kinne
320, Anthony Kirkland   ,https://killer.cloud/serial-killers/show/276/anthony-kirkland
321, Bela Kiss  The Monster of Czinkota ,https://killer.cloud/serial-killers/show/26/bela-kiss
322, Tillie Klimek  high priestess of a bluebeard clique ,https://killer.cloud/serial-killers/show/541/tillie-klimek
323," Paul John Knowles  Casanova Killer, Lester Daryl Gates ",https://killer.cloud/serial-killers/show/41/paul-john-knowles
324," Joachim Knychala  The Vampire of Bytom, Frankenstein ",https://killer.cloud/serial-killers/show/293/joachim-knychala
325, Yoshio Kodaira  the Kodaira case ,https://killer.cloud/serial-killers/show/160/yoshio-kodaira
326, Todd Kohlhepp  Superbike Murders ,https://killer.cloud/serial-killers/show/503/todd-kohlhepp
327," Surinder Koli  Noida serial murders, Nithari serial murders ",https://killer.cloud/serial-killers/show/485/surinder-koli
328," Vasili Komaroff  The Wolf of Moscow, Shabolovka Street Killer ",https://killer.cloud/serial-killers/show/18/vasili-komaroff
329," Lam Kor-wan  The Jars Murderer, The Rainy Night Butcher ",https://killer.cloud/serial-killers/show/327/lam-kor-wan
330, Aaron Kosminski  Jack the Ripper (possible) ,https://killer.cloud/serial-killers/show/644/aaron-kosminski
331," Randy Steven Kraft  The Freeway Killer, The Scorecard Killer ",https://killer.cloud/serial-killers/show/50/randy-steven-kraft
332, Timothy Krajcir  the Boogeyman in the blue bandana ,https://killer.cloud/serial-killers/show/156/timothy-krajcir
333," Joachim Georg Kroll  Ruhr Cannibal, The Duisburg Man-Eater, Uncle Joachim ",https://killer.cloud/serial-killers/show/72/joachim-kroll
334," Peter Kudzinowski  Ray Rogers, Roy Lambert ",https://killer.cloud/serial-killers/show/382/peter-kudzinowski
335," Richard Kuklinski  The Iceman, The Polack ",https://killer.cloud/serial-killers/show/659/richard-kuklinski
336, Vasiliy Kulik  the Irkutsk Monster ,https://killer.cloud/serial-killers/show/87/vasiliy-kulik
337, Mohan Kumar  Cyanide Mohan ,https://killer.cloud/serial-killers/show/35/mohan-kumar
338, Sunil Kumar  Gurugram serial killer ,https://killer.cloud/serial-killers/show/599/sunil-kumar
339, Genzo Kurita  Kurita Genzo ,https://killer.cloud/serial-killers/show/178/genzo-kurita
340," Peter Kurten  The Vampire of Düsseldorf, the Düsseldorf Monster ",https://killer.cloud/serial-killers/show/142/peter-kuerten
341, Lam Kwok-wai  The Tuen Mun Rapist ,https://killer.cloud/serial-killers/show/426/lam-kwok-wai
342," Henri Désiré Landru  Bluebeard, Bluebeard of Gambais ",https://killer.cloud/serial-killers/show/109/henri-desire-landru
343, Adam Leroy Lane  the Highway Killer ,https://killer.cloud/serial-killers/show/619/adam-leroy-lane
344, Claude Lastennet   ,https://killer.cloud/serial-killers/show/296/claude-lastennet
345, Francisco Antonio Laureana  The Satyr of San Isidro ,https://killer.cloud/serial-killers/show/618/francisco-antonio-laureana
346," Martin Lecián  Terror of Moravia, Moravian horror ",https://killer.cloud/serial-killers/show/108/martin-lecian
347," Derrick Todd Lee  Baton Rouge Serial Killer, South Louisiana Serial Killer ",https://killer.cloud/serial-killers/show/189/derrick-todd-lee
348, Bruce George Peter Lee   ,https://killer.cloud/serial-killers/show/582/bruce-george-peter-lee
349, Cody Legebokoff  The Country Boy Killer ,https://killer.cloud/serial-killers/show/354/cody-legebokoff
350, Allan Joseph Legere   ,https://killer.cloud/serial-killers/show/263/allan-joseph-legere
351, Eddie Leonski  The Brownout Strangler ,https://killer.cloud/serial-killers/show/419/eddie-leonski
352, Celine Lesage   ,https://killer.cloud/serial-killers/show/233/celine-lesage
353, Robin Ligus  Shropshire murderer ,https://killer.cloud/serial-killers/show/432/robin-ligus
354, Samuel Little  Samuel McDowell ,https://killer.cloud/serial-killers/show/597/sam-little
355, Michael Lee Lockhart  The Perfect Gentleman ,https://killer.cloud/serial-killers/show/370/michael-lee-lockhart
356," Bobby Joe Long  The Classified Ad Rapist, The Adman Rapist ",https://killer.cloud/serial-killers/show/126/bobbie-joe-long
357, Pedro Lopez  The Monster of the Andes ,https://killer.cloud/serial-killers/show/1/pedro-lopez
358, Emile Louis  le boucher de l'Yonne ,https://killer.cloud/serial-killers/show/208/emile-louis
359," John Ingvar Lovgren  Flickmördaren, The Girl Killer ",https://killer.cloud/serial-killers/show/359/john-ingvar-loevgren
360," Henry Lee Lucas  The Confession Killer, The Highway Stalker ",https://killer.cloud/serial-killers/show/506/henry-lee-lucas
361," Pedro Pablo Nakada Ludeña  El Apóstol de la Muerte, The Apostle of Death ",https://killer.cloud/serial-killers/show/47/pedro-pablo-nakada-ludena
362," Peter Lundin  Bjarne Skounborg, Thomas Kristian Olesen ",https://killer.cloud/serial-killers/show/356/peter-lundin
363, Michael Lupo  The Wolf Man ,https://killer.cloud/serial-killers/show/347/michael-lupo
364," Maoupa Cedric Maake  Wemmer Pan Killer, Hammer Killer ",https://killer.cloud/serial-killers/show/22/maoupa-cedric-maake
365, Bulelani Mabhayi  Monster of Tholeni ,https://killer.cloud/serial-killers/show/626/bulelani-mabhayi
366, William MacDonald  The Sydney Mutilator ,https://killer.cloud/serial-killers/show/277/william-macdonald
367," Patrick Mackay  The Psychopath, The Devil's Disciple ",https://killer.cloud/serial-killers/show/373/patrick-mackay
368, Michael Madison   ,https://killer.cloud/serial-killers/show/415/michael-madison
369, Hiroshi Maeue  The Suicide Website Murderer ,https://killer.cloud/serial-killers/show/439/hiroshi-maeue
370, Orville Lynn Majors   ,https://killer.cloud/serial-killers/show/577/orville-lynn-majors
371, Jimmy Maketta  Jesus Killer ,https://killer.cloud/serial-killers/show/56/jimmy-maketta
372, Rainbow Maniac   ,https://killer.cloud/serial-killers/show/90/rainbow-maniac
373," Ramadan Abdel Rehim Mansour  al-Tourbini, The Express Train ",https://killer.cloud/serial-killers/show/19/ramadan-abdel-rehim-mansour
374, Peter Manuel  Beast of Birkenshaw ,https://killer.cloud/serial-killers/show/190/peter-manuel
375, Zdzisław Marchwicki  Vampire of Silesia ,https://killer.cloud/serial-killers/show/71/zdzislaw-marchwicki
376, James Gregory Marlow  The Folsom Wolf ,https://killer.cloud/serial-killers/show/569/james-gregory-marlow
377, Richard Laurence Marquette  Dick Marquette ,https://killer.cloud/serial-killers/show/399/richard-laurence-marquette
378," Raúl Osiel Marroquín  El Sádico, The Sadist ",https://killer.cloud/serial-killers/show/339/raul-osiel-marroquin
379," Enriqueta Martí  The Vampire of Barcelona, The Vampire of the Raval ",https://killer.cloud/serial-killers/show/98/enriqueta-marti
380, Rhonda Belle Martin   ,https://killer.cloud/serial-killers/show/243/rhonda-belle-martin
381, Lee Roy Martin  The Gaffney Strangler ,https://killer.cloud/serial-killers/show/400/lee-roy-martin
382," Damaso Rodriguez Martin  El Brujo, The Warlock ",https://killer.cloud/serial-killers/show/424/damaso-rodriguez-martin
383, DeAngelo Martin   ,https://killer.cloud/serial-killers/show/661/deangelo-martin
384, Daniel Audiel López Martínez   ,https://killer.cloud/serial-killers/show/195/daniel-audiel-lopez-martinez
385, Filiberto Hernández Martínez   ,https://killer.cloud/serial-killers/show/234/filiberto-hernandez-martinez
386," Sergei Martynov  Raschlenytel, Torso killer ",https://killer.cloud/serial-killers/show/153/sergei-martynov
387, Johannes Mashiane  The Beast of Atteridgeville ,https://killer.cloud/serial-killers/show/88/johannes-mashiane
388, David Mason   ,https://killer.cloud/serial-killers/show/247/david-mason
389, Bakhtiyor Matyakubov  Бахтиёр Матякубов ,https://killer.cloud/serial-killers/show/638/bakhtiyor-matyakubov
390, Robert Maudsley  Hannibal the Cannibal ,https://killer.cloud/serial-killers/show/348/robert-maudsley
391, David Edward Maust  Crazy Dave ,https://killer.cloud/serial-killers/show/261/david-maust
392, Władysław Mazurkiewicz  The Gentleman Killer ,https://killer.cloud/serial-killers/show/220/wladyslaw-mazurkiewicz
393," Bruce McArthur  Santa, 2010–2017 Toronto serial homicides ",https://killer.cloud/serial-killers/show/527/bruce-mcarthur
394, Patrick McCullough  The Deaf Serial Killer ,https://killer.cloud/serial-killers/show/557/patrick-mccullough
395, Kenneth McDuff  The Broomstick Killer ,https://killer.cloud/serial-killers/show/147/kenneth-mcduff
396, Michael Wayne McGray   ,https://killer.cloud/serial-killers/show/186/michael-wayne-mcgray
397, David Meirhofer   ,https://killer.cloud/serial-killers/show/329/david-meirhofer
398, Daisy de Melker   ,https://killer.cloud/serial-killers/show/393/daisy-de-melker
399, Bruce Mendenhall  The Truck Stop Killer ,https://killer.cloud/serial-killers/show/620/bruce-mendenhall
400," Nikos Metaxas  the Cyprus serial killer, Orestes, Mitsero murders ",https://killer.cloud/serial-killers/show/658/nikos-metaxas
401, Gennady Mikhasevich  The Vitebsk Case ,https://killer.cloud/serial-killers/show/14/gennady-mikhasevich
402, Ivan Milat  Backpacker murder ,https://killer.cloud/serial-killers/show/185/ivan-milat
403, Dellen Millard   ,https://killer.cloud/serial-killers/show/594/dellen-millard
404, James Miller  Truro murders ,https://killer.cloud/serial-killers/show/228/james-miller
405," Tsutomu Miyazaki  The Otaku Murderer, The Little Girl Murderer ",https://killer.cloud/serial-killers/show/338/tsutomu-miyazaki
406, Stanislaw Modzelewski  The Vampire of Galkowek ,https://killer.cloud/serial-killers/show/193/stanislaw-modzelewski
407, Jack Mogale  the West-End serial killer ,https://killer.cloud/serial-killers/show/57/jack-mogale
408, Peter Moore  The Man In Black ,https://killer.cloud/serial-killers/show/344/peter-moore
409, Stephen Morin   ,https://killer.cloud/serial-killers/show/386/stephen-morin
410," Cory Deonn Morris  Huggy Bear, Teddy Bear, Crackhead Killer ",https://killer.cloud/serial-killers/show/650/cory-deonn-morris
411, Frederick Mors  Herr Doktor ,https://killer.cloud/serial-killers/show/574/frederick-mors
412, Vaclav Mrazek   ,https://killer.cloud/serial-killers/show/204/vaclav-mrazek
413," Elifasi Msomi  Tokoloshe Killer, The Axe Killer ",https://killer.cloud/serial-killers/show/68/elifasi-msomi
414, Vladimir Mukhankin  The pupil of Chikatilo ,https://killer.cloud/serial-killers/show/181/vladimir-mukhankin
415," David Mulcahy  The Railway Killers, The Railway Rapists ",https://killer.cloud/serial-killers/show/602/david-mulcahy
416, Herbert Mullin  The Psychopath of Santa Cruz ,https://killer.cloud/serial-killers/show/84/herbert-mullin
417, Cleveland Torso Murderer  The Mad Butcher of Kingsbury Run ,https://killer.cloud/serial-killers/show/80/cleveland-torso-murderer
418, Lovers Lane Murders  Atlanta Lover's Lane Murders ,https://killer.cloud/serial-killers/show/516/lovers-lane-murderer
419," Seisaku Nakamura  Hamamatsu Deaf Killer, Hamamatsu serial murder case ",https://killer.cloud/serial-killers/show/117/seisaku-nakamura
420," Robert Napper  Green Chain Rapist, The Plumstead Ripper ",https://killer.cloud/serial-killers/show/394/robert-napper
421," Joseph Naso  The Double Initial Killer, Crazy Joe ",https://killer.cloud/serial-killers/show/224/joseph-naso
422, Motta Navas   ,https://killer.cloud/serial-killers/show/201/motta-navas
423," Nicholas Lungisa Ncama  East Cape Killer, Ponky ",https://killer.cloud/serial-killers/show/237/nicholas-lungisa-ncama
424, William Neal  Wild Bill Cody ,https://killer.cloud/serial-killers/show/472/william-neal
425, Donald Neilson  Black Panther ,https://killer.cloud/serial-killers/show/349/donald-neilson
426," Earle Leonard Nelson  Gorilla Killer, the Dark Strangler ",https://killer.cloud/serial-killers/show/28/earle-nelson
427," Martin Ney  The Masked Man, The Black Man ",https://killer.cloud/serial-killers/show/378/martin-ney
428," Dennis Nilsen  The Muswell Hill Murderer, the Kindly Killer ",https://killer.cloud/serial-killers/show/67/dennis-nilsen
429, Akira Nishiguchi  the Black Gold Medalist ,https://killer.cloud/serial-killers/show/300/akira-nishiguchi
430," Robert Nixon  The Brick Moron, The Brick Bat Murders ",https://killer.cloud/serial-killers/show/281/robert-nixon
431, Marie Noe   ,https://killer.cloud/serial-killers/show/171/marie-noe
432," Mario Normore  Chief, Butler J. Moe ",https://killer.cloud/serial-killers/show/595/mario-normore
433, Colin Norris   ,https://killer.cloud/serial-killers/show/350/colin-norris
434, Roy Lewis Norris  Tool Box Killers ,https://killer.cloud/serial-killers/show/456/roy-lewis-norris
435, Gordon Northcott  Wineville Chicken Coop Murders ,https://killer.cloud/serial-killers/show/380/gordon-northcott
436, Diane Odell  Babies in Boxes Murder Case ,https://killer.cloud/serial-killers/show/542/diane-odell
437, Paul Ogorzow  S-Bahn murderer ,https://killer.cloud/serial-killers/show/180/paul-ogorzow
438," Kiyoshi Okubo  Watanabe Kyoshi, Tanigawa Ivan ",https://killer.cloud/serial-killers/show/179/kiyoshi-okubo
439, Clifford Olson  The Beast of British Columbia ,https://killer.cloud/serial-killers/show/107/clifford-olson
440," Apichai Ongwisit  Ice Heep Lek, Metal Casket Killer ",https://killer.cloud/serial-killers/show/665/apichai-ongwisit
441," Anatoly Onoprienko  The Beast of Ukraine, The Terminator, Citizen O ",https://killer.cloud/serial-killers/show/6/anatoly-onoprienko
442, Axeman of New Orleans   ,https://killer.cloud/serial-killers/show/165/axeman-of-new-orleans
443, Juan David Ortiz  Border Patrol Serial Killer ,https://killer.cloud/serial-killers/show/571/juan-david-ortiz
444, Dagmar Overbye  Englemagersken ,https://killer.cloud/serial-killers/show/146/dagmar-overbye
445, Pietro Pacciani  The Monster of Florence ,https://killer.cloud/serial-killers/show/59/pietro-pacciani
446, Alferd Packer  The Colorado Cannibal ,https://killer.cloud/serial-killers/show/486/alferd-packer
447," András Pándy  Father Bluebeard, The Family Killer ",https://killer.cloud/serial-killers/show/240/andras-pandy
448, Carl Panzram  Jefferson Baldwin ,https://killer.cloud/serial-killers/show/256/carl-panzram
449, Gerald Parker  The Bedroom Basher ,https://killer.cloud/serial-killers/show/285/gerald-parker
450," Kaluwa Patel  Sai Baba, Subhash ",https://killer.cloud/serial-killers/show/627/kaluwa-patel
451, Thierry Paulin  The monster of Montmartre ,https://killer.cloud/serial-killers/show/42/thierry-paulin
452, Louise Peete  Lofie Louise Preslar ,https://killer.cloud/serial-killers/show/385/louise-peete
453," Francisco de Assis Pereira  O Maníaco do Parque, The Park Maniac ",https://killer.cloud/serial-killers/show/119/francisco-de-assis-pereira
454," Francisco Guerrero Pérez  El Chalequero, Antonio Prida, The Mexican Barbazul ",https://killer.cloud/serial-killers/show/614/francisco-guerrero-perez
455," Salvatore Perrone  The Son of Sal, John Doe Duffel Bags ",https://killer.cloud/serial-killers/show/470/salvatore-perrone
456, Christopher Peterson  The Shotgun Killer ,https://killer.cloud/serial-killers/show/213/christopher-peterson
457," Marcel Petiot  Captain Valery, Docteur Satan ",https://killer.cloud/serial-killers/show/579/marcel-petiot
458," Kaspars Petrovs  Würger von Riga, Strangler from Riga ",https://killer.cloud/serial-killers/show/81/kaspars-petrovs
459, Freeway Phantom   ,https://killer.cloud/serial-killers/show/246/freeway-phantom
460," Alexander Pichushkin  Chessboard Killer, The Bitsa Park Maniac ",https://killer.cloud/serial-killers/show/8/alexander-pichushkin
461," Robert Pickton  The Pig Farmer Killer, The Pigheaded Killer, Pork Chop Rob ",https://killer.cloud/serial-killers/show/221/robert-pickton
462, Duke Pierson  the Spokane serial killer ,https://killer.cloud/serial-killers/show/641/duke-pierson
463, Hubert Pilcik  The Beast ,https://killer.cloud/serial-killers/show/258/hubert-pilcik
464, Vinko Pintarić  Caruga of Zagorje ,https://killer.cloud/serial-killers/show/269/vinko-pintaric
465," Rudolf Pleil  Der Totmacher, The Deathmaker ",https://killer.cloud/serial-killers/show/120/rudolf-pleil
466, Silvo Plut   ,https://killer.cloud/serial-killers/show/436/silvo-plut
467," Norbert Poehlke  Der Hammermörder, The Hammer-Killer ",https://killer.cloud/serial-killers/show/251/norbert-poehlke
468, Jesse Pomeroy  The Boston Boy Fiend ,https://killer.cloud/serial-killers/show/610/jesse-pomeroy
469," Heinrich Pommerenke  Ungeheuer vom Schwarzwald, The Beast of the Black Forest ",https://killer.cloud/serial-killers/show/319/heinrich-pommerenke
470," Mikhail Popkov  The Werewolf, The Angarsk maniac ",https://killer.cloud/serial-killers/show/561/mikhail-popkov
471, Stephen John Port  The Grindr Killer ,https://killer.cloud/serial-killers/show/451/stephen-john-port
472," Harry Powers  The Mail-order Bluebeard, The West Virginia Bluebeard ",https://killer.cloud/serial-killers/show/279/harry-powers
473, Craig Price  The Warwick Slasher ,https://killer.cloud/serial-killers/show/334/craig-price
474, Alfredo Prieto   ,https://killer.cloud/serial-killers/show/585/alfredo-r-prieto
475, Cleophus Prince  The Clairemont Killer ,https://killer.cloud/serial-killers/show/248/cleophus-prince-jr
476," Robledo Puch  The Unisex, The Death Angel, The Black Angel ",https://killer.cloud/serial-killers/show/115/carlos-eduardo-robledo-puch
477, Dorothea Helen Puente  Death House Landlady ,https://killer.cloud/serial-killers/show/366/dorothea-montalvo-puente
478, Amir Qayyum  The brick killer ,https://killer.cloud/serial-killers/show/77/amir-qayyum
479," Wang Qiang  super killer, No. 54 ",https://killer.cloud/serial-killers/show/9/wang-qiang
480," Dennis Rader  BTK Killer, BTK Strangler, Bind Torture Kill ",https://killer.cloud/serial-killers/show/130/dennis-rader
481," Gilles de Rais  Baron de Rais, Bluebeard, Barbe bleue ",https://killer.cloud/serial-killers/show/652/gilles-de-rais
482, Larry Ralston   ,https://killer.cloud/serial-killers/show/589/larry-ralston
483," Luis Gregorio Ramirez  The Monster of Tenerife, The Assassin of Tenerife, The Dexter Creole ",https://killer.cloud/serial-killers/show/625/luis-gregorio-ramirez
484, Richard Ramirez  The Night Stalker ,https://killer.cloud/serial-killers/show/82/richard-ramirez
485, David Randitsheni  the Modimolle Child Rapist ,https://killer.cloud/serial-killers/show/128/david-randitsheni
486, The Classified Ad Rapist  The Adman Rapist ,https://killer.cloud/serial-killers/show/551/bobby-joe-long
487," Terry Rasmussen  The Chameleon Killer, Bear Brook murders, Allenstown Barrel Murders ",https://killer.cloud/serial-killers/show/666/terry-pender-rasmussen
488, David Parker Ray  The Toy-Box Killer ,https://killer.cloud/serial-killers/show/663/david-parker-ray
489," Umesh Reddy  Rajulu, Ramesh, Venkatesh, Hrishikesh Malagi ",https://killer.cloud/serial-killers/show/44/umesh-reddy
490, Melvin Rees  The Sex Beast ,https://killer.cloud/serial-killers/show/260/melvin-rees
491, Paul Dennis Reid  The Fast Food Killer ,https://killer.cloud/serial-killers/show/205/paul-dennis-reid
492, Martha Rendell  The Rendell child murders ,https://killer.cloud/serial-killers/show/418/martha-rendell
493, Angel Maturino Resendiz  The Railroad Killer ,https://killer.cloud/serial-killers/show/66/angel-maturino-resendiz
494, Robert Ben Rhoades  The Truck Stop Killer ,https://killer.cloud/serial-killers/show/360/robert-ben-rhoades
495, Stephen Richards  The Nebraska Fiend ,https://killer.cloud/serial-killers/show/611/stephen-richards
496," Gary Ridgway  The Green River Killer, The Riverman ",https://killer.cloud/serial-killers/show/7/gary-ridgway
497," Joel Rifkin  The Drifter, Joel the Ripper ",https://killer.cloud/serial-killers/show/145/joel-rifkin
498, Ondrej Rigo  Slovakia Gypsy ,https://killer.cloud/serial-killers/show/155/ondrej-rigo
499, Ion Rîmaru  The Vampire of Bucharest ,https://killer.cloud/serial-killers/show/355/ion-rimaru
500, Atlanta Ripper   ,https://killer.cloud/serial-killers/show/64/atlanta-ripper
501," Jack the Ripper  The Whitechapel Murderer, Leather Apron ",https://killer.cloud/serial-killers/show/642/jack-the-ripper
502, Montie Rissell  Monte ,https://killer.cloud/serial-killers/show/651/montie-rissell
503," James Dale Ritchie  Tiny, Anchorage Serial Killer ",https://killer.cloud/serial-killers/show/452/james-dale-ritchie
504, John Edward Robinson  The Slavemaster ,https://killer.cloud/serial-killers/show/169/john-edward-robinson
505, Harvey Miguel Robinson   ,https://killer.cloud/serial-killers/show/410/harvey-miguel-robinson
506, Tiago Gomes da Rocha  Goiania Serial Killer ,https://killer.cloud/serial-killers/show/11/thiago-gomes-da-rocha
507, Jose Rodriguez   ,https://killer.cloud/serial-killers/show/550/jose-rodriguez
508, Dayton Leroy Rogers  Molalla Forest Murderer ,https://killer.cloud/serial-killers/show/241/dayton-leroy-rogers
509," Glen Edward Rogers  The Cross Country Killer, The Casanova Killer ",https://killer.cloud/serial-killers/show/552/glen-edward-rogers
510, Danny Rolling  Gainesville Ripper ,https://killer.cloud/serial-killers/show/262/danny-rolling
511, Michael Bruce Ross  The Roadside Strangler ,https://killer.cloud/serial-killers/show/174/michael-bruce-ross
512, Paul Rowles  disappearance of Tiffany Sessions ,https://killer.cloud/serial-killers/show/648/paul-rowles
513," Robert Rozier  Neariah Israel, Child of God ",https://killer.cloud/serial-killers/show/307/robert-rozier
514, Aleksandr Rubel  Benzomaniac ,https://killer.cloud/serial-killers/show/239/aleksandr-rubel
515, Gong Runbo   ,https://killer.cloud/serial-killers/show/222/gong-runbo
516," Sergei Ryakhovsky  the Balashikha Ripper, The Hippopotamus ",https://killer.cloud/serial-killers/show/38/sergei-ryakhovsky
517, Amelia Sach  the Finchley baby farmers ,https://killer.cloud/serial-killers/show/639/amelia-sach
518, Kimberly Saenz  Kimberly Clark Fowler ,https://killer.cloud/serial-killers/show/543/kimberly-saenz
519," Issei Sagawa  Pang, The Cannibal Celebrity ",https://killer.cloud/serial-killers/show/512/issei-sagawa
520, Efren Saldivar   ,https://killer.cloud/serial-killers/show/513/efren-saldivar
521," Tamara Samsonova  The Granny Ripper, Baba Yaga ",https://killer.cloud/serial-killers/show/484/tamara-samsonova
522," Altemio Sanchez  Bike Path Rapist, Bike Path Killer ",https://killer.cloud/serial-killers/show/402/altemio-sanchez
523, Marc Sappington   ,https://killer.cloud/serial-killers/show/323/marc-sappington
524, Satish  Bahadurgarh baby killer ,https://killer.cloud/serial-killers/show/138/satish
525, Gerard John Schaefer  Killer Fiction ,https://killer.cloud/serial-killers/show/580/gerard-john-schaefer
526, Charles Schmid  The Pied Piper of Tucson ,https://killer.cloud/serial-killers/show/403/charles-schmid
527," Wolfgang Schmidt  Beast of Beelitz, the Pink Giant Beate Schmidt ",https://killer.cloud/serial-killers/show/252/wolfgang-schmidt
528," Friedrich Schumann  the Mass Murderer of Falkenhagen Lake, Massenmörder vom Falkenhagener ",https://killer.cloud/serial-killers/show/250/friedrich-schumann
529, Fredrick Demond Scott  kill all white people ,https://killer.cloud/serial-killers/show/558/fredrick-demond-scott
530, Heriberto Seda  copycat killer of the Zodiac Killer ,https://killer.cloud/serial-killers/show/409/heriberto-seda
531, Khangayi Sedumedi  Century City Serial Killer ,https://killer.cloud/serial-killers/show/664/khangayi-sedumedi
532, Tommy Lynn Sells  The Cross Country Killer ,https://killer.cloud/serial-killers/show/219/tommy-lynn-sells
533, Abdullah Shah  Zardads dog ,https://killer.cloud/serial-killers/show/34/abdullah-shah
534," Ryan Sharpe  East Feliciana serial killer, East Baton Rouge murder ",https://killer.cloud/serial-killers/show/564/ryan-sharpe
535," Arthur Shawcross  Genesee River Killer, Genesee River Strangler ",https://killer.cloud/serial-killers/show/73/arthur-shawcross
536, Lydia Sherman  The Derby Poisoner ,https://killer.cloud/serial-killers/show/544/lydia-sherman
537, Harold Shipman  Dr Death Angel of Death ,https://killer.cloud/serial-killers/show/507/harold-shipman
538, Takahiro Shiraishi  Kubitsuri-shi ,https://killer.cloud/serial-killers/show/528/takahiro-shiraishi
539, Anthony Allen Shore  The Tourniquet Killer ,https://killer.cloud/serial-killers/show/311/anthony-allen-shore
540, Robert Shulman   ,https://killer.cloud/serial-killers/show/291/robert-shulman
541, Samuel Sidyno  Capital Hill Serial Killer ,https://killer.cloud/serial-killers/show/216/samuel-sidyno
542, Daniel Lee Siebert  Southside Slayer murders ,https://killer.cloud/serial-killers/show/123/daniel-lee-siebert
543, Julio Pérez Silva  The Psychopath from Alto Hospicio ,https://killer.cloud/serial-killers/show/76/julio-perez-silva
544, Robert Joseph Silveria  The Boxcar Killer ,https://killer.cloud/serial-killers/show/148/robert-joseph-silveria-jr
545, David Thabo Simelane  David Albert Mhlanga ,https://killer.cloud/serial-killers/show/629/david-thabo-simelane
546, Norman Afzal Simons  Station Strangler ,https://killer.cloud/serial-killers/show/143/norman-afzal-simons
547, Angus Sinclair  World's End Murders ,https://killer.cloud/serial-killers/show/305/angus-sinclair
548," Moses Sithole  The ABC Killer, The South African Strangler, The Gauteng Killer ",https://killer.cloud/serial-killers/show/12/moses-sithole
549, Frankford Slasher   ,https://killer.cloud/serial-killers/show/167/frankford-slasher
550, San Mateo slasher  Gypsy Hill killings ,https://killer.cloud/serial-killers/show/274/san-mateo-slasher
551, Anatoly Slivko   ,https://killer.cloud/serial-killers/show/211/anatoly-slivko
552," Jozef Slovak  The Bratislava Strangler, The Genius murderer ",https://killer.cloud/serial-killers/show/313/jozef-slovak
553, Lemuel Smith   ,https://killer.cloud/serial-killers/show/245/lemuel-smith
554, George Joseph Smith  The Brides in the Bath Murders ,https://killer.cloud/serial-killers/show/428/george-joseph-smith
555," Charles Sobhraj  The Bikini Killer, The Serpent ",https://killer.cloud/serial-killers/show/95/charles-sobhraj
556, Arnold Sodeman  Schoolgirl Strangler ,https://killer.cloud/serial-killers/show/321/arnold-sodeman
557," Morris Solomon  Homicidal Handyman of Oak Park, The Sacramento Slayer ",https://killer.cloud/serial-killers/show/229/morris-solomon-jr
558, Erno Soto  Charlie Chop-Off ,https://killer.cloud/serial-killers/show/331/erno-soto
559," Lyda Southard  Flypaper Lyda, The Black Widow ",https://killer.cloud/serial-killers/show/545/lyda-southard
560, Anthony Sowell  The Cleveland Strangler ,https://killer.cloud/serial-killers/show/111/anthony-sowell
561, Timothy Wilson Spencer  The Southside Strangler ,https://killer.cloud/serial-killers/show/289/timothy-wilson-spencer
562," Alexander Spesivtsev  The Cannibal of Siberia, The Novokuznetsk Monster ",https://killer.cloud/serial-killers/show/36/alexander-spesivtsev
563, Jack Spillman  The Werewolf Butcher ,https://killer.cloud/serial-killers/show/412/jack-owen-spillman
564, Gerald Stano  Gerald Eugene Stano ,https://killer.cloud/serial-killers/show/498/gerald-stano
565, Cary Stayner  The Yosemite Killer ,https://killer.cloud/serial-killers/show/336/cary-stayner
566," Miroslav Stehlik  Stehno, Thigh ",https://killer.cloud/serial-killers/show/656/miroslav-stehlik
567, Paul Michael Stephani  The Weepy-Voiced Killer ,https://killer.cloud/serial-killers/show/407/paul-michael-stephani
568, John Straffen  longest-serving prisoner in British legal history ,https://killer.cloud/serial-killers/show/433/john-straffen
569, Jiri Straka  The Spartakiad killer ,https://killer.cloud/serial-killers/show/653/jiri-straka
570, Cincinnati Strangler  Posteal Laskey (possible) ,https://killer.cloud/serial-killers/show/214/cincinnati-strangler
571, Honolulu Strangler   ,https://killer.cloud/serial-killers/show/275/honolulu-strangler
572, The Eastbound Strangler   ,https://killer.cloud/serial-killers/show/466/the-eastbound-strangler
573, The Honolulu Strangler  Honolulu Rapist ,https://killer.cloud/serial-killers/show/514/the-honolulu-strangler
574, Jack the Stripper  The Hammersmith nude murders ,https://killer.cloud/serial-killers/show/227/jack-the-stripper
575, Roberto Succo  The Killer of Eyes of Ice ,https://killer.cloud/serial-killers/show/207/roberto-succo
576," William Suff  Riverside Prostitute Killer, Lake Elsinore Killer ",https://killer.cloud/serial-killers/show/92/william-suff
577," Aleksey Sukletin  The Alligator, The Vassilyevo Cannibal ",https://killer.cloud/serial-killers/show/212/aleksey-sukletin
578, Ahmad Suradji  The Sorcerer ,https://killer.cloud/serial-killers/show/10/ahmad-suradji
579, Peter Sutcliffe  Yorkshire Ripper ,https://killer.cloud/serial-killers/show/83/peter-sutcliffe
580," Maria Swanenburg  Goeie Mie, Good Mie ",https://killer.cloud/serial-killers/show/613/maria-swanenburg
581, James Swann  The Shotgun Stalker ,https://killer.cloud/serial-killers/show/335/james-swann
582, Joseph Taborsky  Mad Dog ,https://killer.cloud/serial-killers/show/206/joseph-taborsky
583, Thozamile Taki  Sugarcane Killer ,https://killer.cloud/serial-killers/show/89/thozamile-taki
584, Vlado Taneski  The Kicevo Monster ,https://killer.cloud/serial-killers/show/381/vlado-taneski
585," Vasile Tcaciuc  The Butcher of Iasi, The Basarabian ",https://killer.cloud/serial-killers/show/32/vasile-tcaciuc
586, Alexander Tchayka  The Fur Coat Hunter ,https://killer.cloud/serial-killers/show/352/alexander-tchayka
587," Gustavo Romero Tercero  El Asesino de Valdepeñas, The Valdepeñas Killer ",https://killer.cloud/serial-killers/show/425/gustavo-romero-tercero
588," John Floyd Thomas  Westside Rapist, The Southland Strangler ",https://killer.cloud/serial-killers/show/255/john-floyd-thomas
589, Sipho Agmatir Thwala  The Phoenix Strangler ,https://killer.cloud/serial-killers/show/53/sipho-agmatir-thwala
590, Marybeth Tinning   ,https://killer.cloud/serial-killers/show/175/marybeth-tinning
591," Serhiy Tkach  Sergey, Pologovsky Maniac ",https://killer.cloud/serial-killers/show/13/serhiy-tkach
592, Peter Tobin  Bible John murders ,https://killer.cloud/serial-killers/show/364/peter-tobin
593, Ottis Toole  The Jacksonville Cannibal ,https://killer.cloud/serial-killers/show/483/ottis-toole
594," Jane Toppan  Angel of Death, Jolly Jane ",https://killer.cloud/serial-killers/show/461/jane-toppan
595, Maury Travis  The Video Strangler ,https://killer.cloud/serial-killers/show/93/maury-travis
596, Metod Trobec  The Monster of Gorejne Vasi ,https://killer.cloud/serial-killers/show/297/metod-trobec
597, Chester Turner  Southside Slayer murders ,https://killer.cloud/serial-killers/show/69/chester-turner
598," Monster of Udine  Il Mostro Di Udine, monsteret fra udine ",https://killer.cloud/serial-killers/show/314/monster-of-udine
599," Jack Unterweger  Jack the Writer, Häfenliterat ",https://killer.cloud/serial-killers/show/103/jack-unterweger
600, Andrew Urdiales   ,https://killer.cloud/serial-killers/show/600/andrew-urdiales
601, Anatoly Utkin  Ulyanovsky maniac ,https://killer.cloud/serial-killers/show/154/anatoly-utkin
602," Joseph Vacher  The French Ripper, The South-East Ripper ",https://killer.cloud/serial-killers/show/591/joseph-vacher
603, Darren Deon Vann  Donald Vann ,https://killer.cloud/serial-killers/show/200/darren-deon-vann
604," Dorángel Vargas  The People Eater, The Hannibal Lecter of the Andes ",https://killer.cloud/serial-killers/show/131/dorangel-vargas
605," Jose Antonio Rodriguez Vega  El Mataviejas, The Old Lady Killer ",https://killer.cloud/serial-killers/show/62/jose-antonio-rodriguez-vega
606," Romulus Veres  The Hammer Man, The Man with the Hammer ",https://killer.cloud/serial-killers/show/298/romulus-veres
607," Manuel Delgado Villegas  El Arropiero, El Estrangulador del Puerto ",https://killer.cloud/serial-killers/show/183/manuel-delgado-villegas
608," James Vlassakis  Snowtown murders, bodies-in-barrels murders ",https://killer.cloud/serial-killers/show/324/james-vlassakis
609," Robert Joe Wagner  Snowtown murders, bodies-in-barrels murders ",https://killer.cloud/serial-killers/show/133/robert-joe-wagner
610, Henry Louis Wallace  The Taco Bell Strangler ,https://killer.cloud/serial-killers/show/135/henry-louis-wallace
611, Annie Walters  the Finchley baby farmers ,https://killer.cloud/serial-killers/show/640/annie-walters
612, Faryion Wardrip  The Wichita Falls Body Snatcher ,https://killer.cloud/serial-killers/show/288/faryion-wardrip
613, Lesley Warren  The Babyface Killer ,https://killer.cloud/serial-killers/show/462/lesley-eugene-warren
614, Fred Waterfield  The Killing Cousins ,https://killer.cloud/serial-killers/show/464/fred-waterfield
615, Margaret Waters  The Brixton Baby Farmer ,https://killer.cloud/serial-killers/show/608/margaret-waters
616," Carl Eugene Watts  Coral Watts, The Sunday Morning Slasher ",https://killer.cloud/serial-killers/show/70/carl-coral-watts
617," Jeanne Weber  The Ogress, Madame Moulinet ",https://killer.cloud/serial-killers/show/134/jeanne-weber
618, Eugen Weidmann  M. Karrer ,https://killer.cloud/serial-killers/show/232/eugen-weidmann
619, Karl Werner  Karl F. Werner ,https://killer.cloud/serial-killers/show/404/karl-f-warner
620, Rosemary West  The Gloucester House of Horrors ,https://killer.cloud/serial-killers/show/521/rosemary-west
621, Fred West  The Gloucester House of Horrors ,https://killer.cloud/serial-killers/show/573/fred-west
622," Elizabeth Wettlaufer  Bethe Wettlaufer, Betty Weston ",https://killer.cloud/serial-killers/show/449/elizabeth-wettlaufer
623, Nathaniel White   ,https://killer.cloud/serial-killers/show/244/nathaniel-white
624, Elisabeth Wiese  Angel Maker of St. Pauli ,https://killer.cloud/serial-killers/show/271/elisabeth-wiese
625, Christopher Wilder  The Beauty Queen Killer ,https://killer.cloud/serial-killers/show/164/christopher-wilder
626," Stewart Wilken  Boetie Boer, Brother Farmer ",https://killer.cloud/serial-killers/show/127/stewart-wilken
627, Wayne Williams  Atlanta Child Murders ,https://killer.cloud/serial-killers/show/24/wayne-williams
628, Scott Williams   ,https://killer.cloud/serial-killers/show/413/scott-williams
629, Catherine Wilson   ,https://killer.cloud/serial-killers/show/605/catherine-wilson
630, Martha Wise  the poison widow of Hardscrabble ,https://killer.cloud/serial-killers/show/546/martha-wise
631, James Edward Wood  James Godwin ,https://killer.cloud/serial-killers/show/465/james-edward-wood
632," Cathy Wood  The Lethal Lovers, the Alpine Manor serial killers ",https://killer.cloud/serial-killers/show/548/cathy-wood
633, Peter Woodcock  David Michael Krueger ,https://killer.cloud/serial-killers/show/325/peter-woodcock
634," Randall Brent Woodfield  The I-5 Killer,The I-5 Bandit ",https://killer.cloud/serial-killers/show/43/randall-woodfield
635," Steve Wright  Suffolk Strangler, Ipswich Ripper ",https://killer.cloud/serial-killers/show/257/steve-wright
636, Aileen Carol Wuornos  Monster ,https://killer.cloud/serial-killers/show/226/aileen-carol-wuornos
637," Yang Xinhai  Monster Killer, Yang Zhiya, Yang Liu ",https://killer.cloud/serial-killers/show/4/yang-xinhai
638," Elias Xitavhudzi  Pangaman, Panga man ",https://killer.cloud/serial-killers/show/55/elias-xitavhudzi
639, Akku Yadav  Bharat Kalicharan ,https://killer.cloud/serial-killers/show/391/akku-yadav
640, Yukio Yamaji   ,https://killer.cloud/serial-killers/show/438/yukio-yamaji
641, Yavuz Yapicioglu  The Screwdriver Killer ,https://killer.cloud/serial-killers/show/40/yavuz-yapicioglu
642, Robert Lee Yates  Spokane Serial Killer ,https://killer.cloud/serial-killers/show/58/robert-lee-yates
643, Huang Yong   ,https://killer.cloud/serial-killers/show/46/huang-yong
644," Zhang Yongming  The Cannibal Killer, the Cannibal Monster of Yunnan ",https://killer.cloud/serial-killers/show/114/zhang-yongming
645, Graham Young  Teacup Poisoner ,https://killer.cloud/serial-killers/show/434/graham-young
646," Graham Young  the Teacup Poisoner, the St. Albans Poisoner ",https://killer.cloud/serial-killers/show/559/graham-young
647, Yoo Young-chul  Raincoat Killer ,https://killer.cloud/serial-killers/show/33/yoo-young-chul
648, Robert Joseph Zani  The Zani Murders ,https://killer.cloud/serial-killers/show/448/robert-joseph-zani
649, Robert Zarinsky   ,https://killer.cloud/serial-killers/show/578/robert-zarinsky
650, Christopher Mhlengwa Zikode  Donnybrook Serial Killer ,https://killer.cloud/serial-killers/show/45/christopher-mhlengwa-zikode
